availabletosell,sku,description
1,fmr-a660s-7ean-62-w,aurora 30 inch cart with window - floor model,
2,fmr-e1060i-9e1n-w,diamond grill e1060inat,
2,fmr-a790i-7ean,aurora a790i hsi nat,
0,fmr-5600,pizza oven nat gas,
1,fmr-e790i-9e1n-w,2024 36 echelon with digital display and window,
0,fmr-e660i-9ean,"diamond grille660i""a""ng",
1,afd-731-ba-11-m6pc,48 inch fire bowl - black lava - propane,
2,afd-520-db-11-m2pc,eclipse fire urn - dark basalt,
1,fmr-a830s-7ean-61-cb,a830 gas charcoal combo grill,
0,aog-grp-36pcl-00sp,36 inch portable aog lp - bf promo,
0,aog-grp-30pct-00sp,30 inch lp portable aog - bf promo,
0,aog-grp-30pcl-00sp,30 inch aog l series portable lp bf promo,
0,aog-grp-30nbt-00sp,30 inch aog t seres bf promo,
0,aog-grp-30nbl,30 inch aog l series ng bf promo,
3,aog-36-b-51p,lp orfice kit,
2,aog-30-b-05-3,flavor grids for 30nbt-00sp set of 3,
1,aog-24-b-47,power supply for aog grill,
6,aog-24-b-46,ignitor button - l series,
3,aog-24-b-43,pair of lid spacer,
0,aog-24-b-33,spit rod 24 hex tip,
2,aog-24-b-04,main burner electrod,
3,aog-24-b-03,backburner electrode,
3,afd-785-lb-11-m4pc,contempo lp select - light basalt - propane,
3,afd-731-db-11-m6pc,48 inch fire bowl - dark basalt,
4,afd-645-db-11-m2pc,cosmopolitan round - dark basalt - propane,
3,afd-635-db-11-m4pc,cosmopolitan rectangle - dark basalt - propane,
3,afd-082-sb-n-sm-m3pc,manhattan - smoke & black - propane,
0,aog-36pcl-00sp,36 inch portable grill no sideburner,
0,fmr-e1060s-8e1n-51-w,echelon 1060 with power burner and window,
0,fmr-33930s-12t,double access doors with dual drawers and tank tray radiation shield and louvers,
0,pet-gx4-2-30,*do not use* glowing ember burner system 30,
0,pet-g45-2-18/20-ap,g45 see thru 18/20 burner lp w/spk26,
0,pet-g4-36p,*do not use* 36 burner lp w/spk26,
0,fmr-e660i-0t4n,griddle (nat),
2,fmr-32815,echelon double side burner,
1,fmr-19-7b1n-0,aurora power burner,
1,fmr-19-5b2n-0,power burner for echielon diamond- stainless steel grates,
1,fmr-19-5b1n-0,echelon power burner porcelain,
1,pet-g9-20/24/30,g9 manual ventfree burner - natural gas,
0,pet-g45-36,36 inch g45 vented gas log burner (natural gas),
4,fmr-53938sc,"15"" x 38"" double door",
0,fmr-53930sc-22,double door w/dual drws,
3,fmr-53930sc-12,dbl door w/tray & drawers,
0,fmr-53924sc-r,"24"" x 17"" single door rh",
1,fmr-53924sc-l,"24"" x 17"" single doors lh",
0,fmr-53920sc-r,"20"" x 14"" door rh",
1,fmr-53920sc-l,door single 20x14 lh,
0,fmr-53917sc-r,"17"" x 24"" door frame rh",
1,fmr-53917sc-l,"17"" x 24"" door frame lh",
0,fmr-53830sc,"30"" masonry drawer",
4,fmr-53820sc-r,single door w/dbl drw rh,
0,fmr-53820sc-l,single door w/dbl drw lh,
2,fmr-53816sc,18x36 door/drw combo w/st,
1,fmr-53810sc,"18"" x 30"" door/dwrs combo",
5,fmr-53803sc,triple drawer echelon,
0,fmr-53802sc,double drawer echelon,
2,fmr-53801sc,single drawer echelon,
3,fmr-33924-sr,3 series - vertical single access door - right hinge - 25 inch,
0,fmr-33924-sl,3 series - vertical single access door - left hinge - 25 inch,
1,fmr-33920-sr,3 series - vertical single access door - right hinge - 21 inch,
1,fmr-33920-sl,3 series - vertical single access door - left hinge - 21 inch,
0,fmr-33917-sr,3 series - single access door,
1,fmr-33917-sl,3 series - access door - left hinge,
0,pet-grp-apk17p,apk-17 pilot kit add-on,
0,pet-grp-apk17,apk-17 pilot kit add-on,
0,pet-grp-apk15p,apk-15 pilot kit add-on,
0,pet-grp-apk15,apk-15 pilot kit add-on,
0,pet-chb-30,30 charred royal english oak logset only,
0,afd-8139a,rectangular firetable total cover - fits 783 785,
4,pet-g45-30,30 inch g45 ember burner - natural gas,
0,fmr-a790i-8ean,a790i analog,
0,tre-um9079/frame,frame only black 7.5 ft umb,
0,tre-akzp13lx-09d/5439,13 ft cantilever blk frame navy fab. with lite,
0,tre-akzp-09d-6668,11' cntlvr plus blck/ fbric 6668 kinzie coal stripe,
0,tre-um9209/6433,9 pb blk neptune,
0,tre-um9203/5487,9 pb white-fern,
0,tre-um8009/5404,9ft cllr natural,
0,tre-um9079/5439a,7.5 black navy,
0,tre-rg-334369-80,reflections ocean blue 8x10,
0,tre-rg-097-365-35,north shore rug 5'3x7'4,
0,pet-g9-2-24-12,24 inch see-through remote burner - natural gas (remote included),
7,pet-g9-20/24/30-12,remote controlled ventfree burner - natural gas (remote included),
1,pet-g8e-16/20/24-12,remote controlled ventfree burner - natural gas (remote included),
2,pet-g8e-16/20/24,manual ventfree burner - natural gas,
201,pet-spk26,manual safety pilot kit natural gas,
0,fsl-wil-mdf,wilson mdf mantel,
0,fsl-wes-mdf,wesley mdf mantel,
0,fsl-wash-mdf,washington mdf mantel,
0,fsl-litch/mdf,litchfield mdf mantel,
0,fsl-kens/mdf,kensington mantel,
457,fsl-del-mdf,delware mantel in mdf,
0,fsl-clark-mdf,clarksburg shelf w/o dentil mdf,
0,fsl-arling/mdf,arlington mdf mantel,
0,tre-akzprt-09/6448a,10x13 cantilever plus blk cinder blk,
0,tre-akzprt-09/5489,10x13 cantilever plus blk canvas coal,
0,tre-akzp-02d/5404a,11 ft akz p anth natural,
0,tre-akz-09-5403a,11 cantilever black base/fabric jockey red gr. aa,
0,tre-akz-09/4826,11ft cantilever sky blue,
0,tre-akz-00/54011,11 bronze cantilever w/ginko fab,
0,aog-3282t,double sideburner - aog - t series - natural gas,
1,aog-3282l,double sideburner - aog - l series - natural gas,
0,cac-506/4126d,seat pad rayure azul,
0,cac-506/4018c,seat pad cultivate stone,
0,cac-506/3222c,seat pad hardwood crimson grd c,
0,cac-fs3175/c3351,thick chaise cushion 72x24 milano colbalt,
0,cac-fs3101/4105d,thick chaise cushion/bacl & white/72x24,
0,tre-um9209finial,finial for 9209 umbrella black,
0,tre-um9070/frame,frame only bronze 7ft,
0,tre-tgc-twc-16,teak cleaner & color restorer,
0,tre-tgc-msp-16,stainless steel/cast aluminum/cast iron cleaner & guard,
0,tre-tgc-mmr-32,mold & mildew stain remover,
0,tre-msc-32,multi surface cleaner,
0,tre-bt2-00,bronze 2 stem fits most aluminum bases,
0,tre-bp45-9203,bottom pole white,
0,tre-bp418811rt09,41 bottom pole/black,
0,tre-bp32-9203,32inch bottom pole white dining standard height,
0,tre-bp32-9200,32 bronze umbrella pole dining standard height,
0,tre-base-13r-02,rolling base anth for akzp,
0,tre-um8811rt09/5417a,8x11 umbreaal tuscan 5417 gr a,
0,tre-um8811rt09/40433,8x11 auto tilt umbrella,
0,tre-um8811rt00/6056,11x8 no tilt brn henna,
0,tre-um8811rt00/48056,11x8 no tilt brn ridge sequoia,
1,afd-782-ba-11-v2nc,contempo round firetable - black lava - natural gas,
1,afd-645-ba-fo-v2nc,round cosmo - barrel oak - natural gas,
0,afd-645-ba-11-v2pc,cosmopolitan round firetable,
1,afd-022-37-n-sd-rbc,cordova cafe blanco - 110 inch radiused bullnose hearth - sedona - rear back gas line,
0,cac-7594/3292c,han-ottoman/reg. gingko hanamint ottoman cushion,
0,cac-7594/3233c,han-ottoman/reg. cushion fab 3233 sparkle mica gr c,
0,cac-7522/4030d,han/seat cushion dupione paradise gr.d,
0,cac-7522/4011d,han/seat cushion spotlight lagoon grade d 4011,
0,cac-7522/3121c,han/seat seville seaside seat cushion hanamint 3121c,
16,pet-s-30,logs only split oak 30,
16,pet-s-24,split log set pt,
4,pet-r-30,logs only golden oak pt,
30,pet-r-24,logs only golden oak pt,
0,pet-r-230,see thru golden oak log set,
1,pet-r-224,logs only goldn oak se-thru pt,
0,pet-r-220,20 golden oak see thru,
25,pet-r-20,golden oak 20 inch logs,
0,pet-r-16,log set only for 16 golden oak log set,
0,fmr-a660i-8ean-w,aurora a660i hsibbnat,
5,fmr-a660i-8ean,auroraa660ihsibbnat,
0,fmr-60-vh-7-dc,"duct cover 60"" vent hood",
0,fmr-60-vh-7-02,"60"" vent hood extension",
0,fmr-60-vh-7,"60"" vent hood w/1200 cfm",
3,fmr-5520-11t,1 hr timer w ss box and dual nipple(old version),
0,fmr-48-vh-7-dc,"duct cover 48"" vent hood",
0,fmr-48-vh-7-02,"48"" vent hood extension",
0,fmr-48-vh-7,"48"" vent hood w/1200 cfm",
0,fmr-36-vh-7-dc,"duct cover 36"" vent hood",
0,fmr-36-vh-7-02,"36"" vent hood extension",
0,fmr-36-vh-7,"36"" vent hood w/1200 cfm",
1,fmr-3287l-1,aurora hsi - single searing station - natural gas,
0,fmr-32874-1,side burner - echelon - single searing station,
21,fmr-3280,side burnerss,
1,fmr-14-sc01c-a,charcoal grill w/ smoker hood,
1,fmr-53934sc,"14"" x 30"" double door",
10,fmr-53930sc,"20"" x 30"" double door",
1,fmr-53914sc-r,"14"" x 20"" door rh",
1,fmr-53914sc-l,door single 14x20 lh,
6,fmr-53825-t,trash container - flush mount,
1,fmr-53820tsc,"20"" x 14"" trash cabinet",
5,fmr-3598-dr,refrigeratrw/ss door rh,
3,fmr-3598-dl,refrigeratrw/ss door lh,
2,fmr-3598,refrigerator w/ lock,
0,fmr-3596a,slide in ice chest - insulated top,
0,fmr-3594-dr,kegeratoroutdr rtdright,
2,fmr-3589-dr,fridgeoutdoor rtd right,
4,fmr-3589-dl,fridgeoutdoor rtd left,
2,fmr-33938s,assy16x39 double access,
1,fmr-33930s-22,3 series - double doors with dual drawers,
2,fmr-33930s-12,trash drawer with dual drawers,
1,fmr-33930s,3 series - double access door - standard height,
1,fmr-33914-sr,single access door - 3 series - right hinge,
0,fmr-33914-sl,single access door - 3 series - left hinge,
1,fmr-33830-s,3 series - masonry drawer,
4,fmr-33820-sr,single door w/ double door,
4,fmr-33820-sl,3 series - single door with dual drawers,
0,fmr-33816s,3 series - double access door with platter storage and double drawer,
1,fmr-33810s,access door with double drawers,
4,fmr-33803,3 series - triple drawer,
2,fmr-33802,3 series - double drawer,
3,fmr-33801,3 series - single drawer,
0,sum-35472,halo lounge chair-blk walnut,
0,sum-352931,regent swivel glider slate gray (wm) old part num: 352931,
1,prn-971591rh/48019,ventura hb right corner - spectrum sand,
1,prn-971590h/48019,ventura 90 degree corner - spectrum sand,
2,pet-vo8e-24,24 inch valley oak logs only,
0,pet-vo8e-20,20 inch vent free logs - valley oak,
2,pet-vo8e-16,valley oak vf 16 inch logs only,
0,pet-s9-30,30 inch vf split oak only,
2,pet-s9-24,24 vf split oak logs only,
0,pet-s9-2-24,24 inch see thru split oak,
4,pet-s9-20,split oak 20,
0,tre-rs-404-993-80,geo 8x10 rug - black,
0,tre-rg-461-388-80,cobblestone 8x10 rug - gray,
0,tre-rg-461-273-80,cobblestone 8x10 rug - teak,
0,tre-rg-431-363,savannah 8x10 rug - cottonwood,
0,tre-rg-203-651-80,canyon 8x10 rug -taupe,
0,tre-rg-097-365-80,north shore 8x10 rug - blue sky,
0,sum-352824,regent ottoman-oyster,
0,sum-360124,skye swivel rocking lounge oyster - needs c466 or c466p cushion to complete item,
0,sum-352731,regent lounge chair in slate grey - frame only,
0,inf-ss3s61,61 inch single element mediterranean motif upgrade kit - stainless steel,
0,inf-ss3s39,39 inch single element mediterranean motif upgrade kit - stainless steel,
0,inf-ss3d61,61 inch dual element mediterranean motif upgrade kit - stainless steel,
0,inf-ss3d39,39 inch dual element mediterranean motif upgrade kit - stainless steel,
0,inf-ss1s61,61 inch single element contemporary motif upgrade kit - stainless steel,
0,inf-ss1s39,39 inch single element contemporary motif upgrade kit - stainless steel,
0,inf-ss1d61,61 inch dual element contemporary motif upgrade kit - stainless steel,
0,inf-ss1d39,39 inch dual element contemporary motif upgrade kit - stainless steel,
0,inf-bl3s61,61 inch single element mediterranean motif upgrade kit - black,
0,inf-bl3s39,39 inch single element mediterranean motif upgrade kit - black,
0,inf-bl3d61,61 inch dual element mediterranean motif upgrade kit - black,
0,inf-bl3d39,39 inch dual element mediterranean motif upgrade kit - black,
0,inf-bl1s61,61 inch single element contemporary motif upgrade kit - black,
0,inf-bl1s39,39 inch single element contemporary motif upgrade kit - black,
0,inf-bl1d61,61 inch dual element contemporary motif upgrade kit - black,
0,inf-bl1d39,39 inch dual element contemporary motif upgrade kit - black,
1,afd-770-cb-11-v2xc,ng unit fiesta fire table cafe blanco,
2,afd-726-sm-11-v2nc,voro cube in smoke ng,
1,afd-726-ba-11-v2nc,voro cube in black lava,
0,afd-580-lb-11-m7nc,iron saddle firetable - light basalt,
0,sum-pnt-00362,outdoor furniture cleaner in,
5,pet-s-20,split log set,
0,pet-mco-39,39 mountain crest oak log set(2 boxes) only for g31 burner,
2,pet-mco-30,30 mountain crest oak set,
7,pet-mco-24,mountain crest oak 24 inch logs only,
1,pet-mco-18,mountain crest logs only 18inch,
1,pet-mbw-24,24 mountain birch logs only,
0,pet-gx45-30p,30 inch gx45 vented gas log burner (liquid propane),
0,pet-gx45-30,30 inch gx45 vented gas log burner (natural gas),
3,pet-gx45-24lp,24 inch gx45 vented gas log burner (liquid propane),
0,pet-gx45-24,24 inch gx45 vented gas log burner (natural gas),
0,pet-gx45-2-30,30 inch gx45 see-thru vented gas log burner (natural gas),
0,pet-gx45-2-24p,24 inch gx45 see-thru vented gas log burner (liquid propane),
0,pet-gx45-2-24,24 inch gx45 see-thru vented gas log burner (natural gas),
0,pet-gx4-30lp,30 inch gx4 vented gas log burner (liquid propane),
2,pet-gx4-30,30 inch gx4 vented gas log burner spk valve sold separately,
0,pet-gx4-24lp,24 inch gx4 vented gas log burner (liquid propane),
2,pet-gx4-24,24 inch gx4 vented gas log burner spk valve sold separately,
1,pet-gx4-230,30 inch gx4 see-thru vented gas log burner (natural gas),
0,pet-gx4-18,18 inch gx4 vented gas log burner (natural gas),
1,pet-gso-30,30 gnarled split oak,
11,pet-gso-24,24 gnarled split oak,
2,pet-g52-24/30-na-ss,24-30 inch g52 stainless steel outdoor vented gas log burner with manual valve (natural gas),
0,pet-g52-24/30-17,24-30 inch g52 vented gas log burner with automatic variable valve and deluxe remote (natural gas),
0,pet-g52-18-17,18 inch g52 vented gas log burner with automatic variable valve and deluxe remote (natural gas),
0,pet-g52-18/20-2vt,18 inch g52 vented gas log burner with electronic variable valve and deluxe remote (natural gas),
0,pet-g46-30,30 inch g46 vented gas log burner (natural gas),
0,pet-g46-24lp,24 inch g46 vented gas log burner (liquid propane),
0,pet-g46-24-17,24 inch g46 vented gas log burner with '17' series valve and remote (natural gas),
0,pet-g46-24-15,24 inch g46 vented gas log burner with '15' series valve and remote (natural gas),
0,pet-g46-24,24 inch g46 vented gas log burner (natural gas),
0,pet-g46-18-20-17,18 inch g46 vented gas log burner with '17' series valve and remote (natural gas),
0,pet-g46-18,18 inch g46 vented gas log burner (natural gas),
0,pet-g45-gl-48,48 inch g45 glass triple t burner - ng,
0,pet-g45-gl-30-ss,30 inch g45 stainless steel glass vented burner (natural gas),
0,pet-g45-gl-30,30 inch g45 glass vented burner spk valve sold separately,
0,pet-g45-gl-24p,24 inch g45 glass triple t burner - lp,
3,pet-g45-gl-24,24 inch g45 glass vented burner spk valve sold separately,
1,pet-g45-gl-18-ss,18 inch g45 stainless steel outdoor glass vented burner (natural gas),
0,pet-g45-gl-18-pa-ss,18 outdoor triple t glass burner lp gas,
2,pet-g45-gl-18,18 inch g45 glass vented burner spk valve sold separately,
0,pet-g45-gl-16,16 inch g45 glass triple t burner - ng,
0,pet-g45-48-ss,48 inch g45 stainless steel vented gas log burner (natural gas),
0,pet-g45-42,42 inch g45 vented gas log burner (natural gas),
0,pet-g45-36-ss,36 inch g45 stainless steel outdoor vented gas log burner (natural gas),
0,pet-g45-36p,36 inch g45 vented gas log burner (liquid propane),
0,pet-g45-30-ss-lp,30 inch g45 stainless steel outdoor vented gas log burner (liquid propane),
1,pet-g45-30-ss,30 inch g45 stainless steel outdoor vented gas log burner (natural gas),
0,pet-g45-24-ss,24 inch g45 stainless steel outdoor vented gas log burner (natural gas),
1,pet-g45-24p,24 inch g45 vented gas log burner (liquid propane),
0,pet-g45-2-42,42 inch g45 see-thru vented gas log burner (natural gas),
40,pet-g45-24,24 inch g45 vented gas log burner (natural gas),
1,pet-g45-2-30-ss,30 inch g45 stainless steel outdoor see-thru vented gas log burner (natural gas),
0,pet-g45-2-30p,30 inch g45 see-thru vented gas log burner (liquid propane),
0,pet-g45-2-30,30 inch g45 see-thru vented gas log burner,
1,pet-g45-2-24p,24 inch g45 see-thru vented gas log burner (liquid propane),
3,pet-g45-2-24,24 inch g45 see-thru vented gas log burner spk valve sold separately,
0,pet-g45-2-18/20p,18 inch g45 see-thru vented gas log burner (liquid propane),
0,pet-g45-2-18/20,18 inch g45 see-thru vented gas log burner,
0,pet-g45-2-16/19,16 inch g45 see-thru vented gas log burner (natural gas),
2,pet-g45-18/20-ss,18-20 inch g45 stainless steel vented gas log burner (natural gas),
0,pet-g45-18/20p,18-20 inch g45 vented gas log burner includes #26 safety pilot valve (liquid propane),
0,pet-g45-18/20,18-20 inch g45 vented gas log burner (natural gas),
0,pet-g4-48,48 inch g4 vented gas log burner (natural gas),
0,pet-g4-42,42 inch g4 vented gas log burner (natural gas),
1,pet-g4-36z,36 inch low-pressure g4 vented gas log burner (natural gas),
0,pet-g4-36lp,36 inch g4 vented gas log burner (liquid propane),
1,pet-g4-36,36 inch g4 vented gas log burner spk valve sold separately,
0,pet-g4-30lp,30 inch g4 vented gas log burner (liquid propane),
29,pet-g4-30,30 inch g4 vented gas log burner spk valve sold separately,
3,pet-g4-24lp,24 inch g4 vented gas log burner (liquid propane),
50,pet-g4-24,24 inch g4 vented gas log burner spk valve sold separately,
0,pet-g4-18/20p,18 inch g4 vented gas log burner (liquid propane),
55,pet-g4-18,18 inch g4 vented gas log burner spk valve sold separately,
3,pet-g4-16/19p,16 inch g4 vented gas log burner (liquid propane),
2,pet-g4-16/19,16 inch g4 vented gas log burner spk valve sold separately,
0,pet-g4-12p,12 inch g4 vented gas log burner (liquid propane),
6,pet-g4-12,12 inch g4 vented gas log burner (natural gas),
0,pet-g31-33-2vt,33-39 inch g31 vented gas log burner with electronic variable valve and deluxe remote (natural gas),
0,pet-g31-33/39-a,33-39 inch g31 vented gas log burner with manual valve (natural gas),
0,pet-g31-33/39-17,33-39 inch g31 vented gas log burner with automatic variable valve and deluxe remote (natural gas),
1,pet-g31-33/39,33-39 inch g31 vented gas log burner - match lit without valve (natural gas),
0,pet-g31-24-02,24 and 30 inch g31 vented gas log burner - includes electronic valve and on off remote (natural gas),
0,pet-g31-24/30a,24 or 30 inch g31 vented gas log burner - includes manual valve and standing pilot (natural gas),
1,pet-g31-24/30-2vpt,24/30 inch g31 vented gas log burner - includes electronic variable valve and variable remote (liquid propane),
2,pet-g31-24/30-2vt,24/30 inch g31 vented gas log burner - includes electronic variable valve and variable remote (natural gas),
1,pet-g31-24/30-17,24/30 inch g31 vented gas log burner - includes automatic variable valve and variable remote (natural gas),
2,pet-g31-18-2vt,18 inch g31 vented gas log burner - includes electronic variable valve and variable remote (natural gas),
0,pet-g31-18-02,18 inch g31 vented gas log burner - includes electronic valve and on off remote (natural gas),
0,pet-g31-18/20-pa,18 inch g31 vented gas log burner - includes manual valve and standing pilot (liquid propane),
0,pet-g31-18/20-a,18 inch g31 vented gas log burner - includes manual valve and standing pilot (natural gas),
1,pet-chrrso-30,30 charred rugged split oak,
23,pet-chrrso-24,24 charred rugged split oak logs only,
0,pet-chrrso-2-30,charred rugged split oak logs,
2,pet-chrrso-2-24,see thru charred rugged split 24,
3,pet-chrrso-2-18/20,18 charred rugged split oak see thru,
24,pet-chrrso-18/20,18 charred rugged split oak,
5,pet-chmj-30,30 charred majestic logs 2 boxes requires (need 30b and 30t),
10,pet-chmj-24,charred majestic 24 log set,
0,pet-chd-30,30 charred oak,
0,pet-chd-24,24 charred oak,
0,pet-chd-19,19 charred oak logs only,
12,pet-chd-18/20,18 charred oak,
2,pet-chd-16,16 charred oak logs,
4,pet-chb-36,36 charred royal english oak logs only,
1,pet-chao-18,charred american oak 18 logs set only,
4,pet-apk-17p,apk-17 pilot kit - lp,
31,pet-apk-17,apk-17 remote pilot kit - natural gas,
0,pet-apk-15p,apk-15 pilot kit - lp,
54,pet-apk-15,apk-15 remote pilot kit - natural gas,
3,pet-apk-11,remote valve apk11,
0,pet-apk-10,high capacity apk w/ basic transmitter & receiver,
0,fmr-3092,1 hour timer valve,
0,fmr-3090,3 hour timer valve,
1,afd-785-db-11-m4pc,contempo lp select - dark basalt,
0,dmp-xlf100,100 ignite xl,
0,sum-288027,marin chaise,
4,fmr-33596,refreshment center - drop-in,
18,aog-ref-21,aog refrigerator,
1,aog-op30lb-cgd-75sm,30 aog l series island bundle ng,
3,aog-36nbt-00sp,36 grill w/o backburner,
3,aog-36nbt,36 - aog - t series - natural gas,
0,aog-36nbl-00sp,built in with halogen lights and push button ignition,
3,aog-36nbl,36 - aog - l series - natural gas,
0,aog-30pcl-00sp,30 l- series protble grill only lp,
0,aog-30nbt-00sp,30 - aog - t series - no backburner - natural gas,
1,aog-30nbt,30 - aog - t series - natural gas,
0,aog-30nbl-00sp,30 nbl grill no backburner ng,
2,aog-30nbl,30 - aog - l series - natural gas,
0,aog-24npt-00sp,24 ng patio base grill - no backburner,
2,aog-24ngt-00sp,24- in ground post-t series no backburner no rotisserie,
0,aog-24ngt,24 inch - in ground post - t series - natural gas,
0,sum-grp-423831/405b,majorca swivel lounge - duplin royalty,
0,sum-422131,belize side chair slate gray/ oyster accent (2 per box) old part num: 422131,
0,sum-422031,belize arm chair-slate grey,
0,agi-agv09620p02,lakehouse rocker,
0,agi-afh0392p01,franklin armless cushion dining chair,
0,tre-um9209/6665a,9 pb blk churchill rouge,
0,tre-um9209/4833c,9 pb blk admiral blue,
0,tre-um9209/4826a,9 pb blk sky,
0,tre-um9209/40428a,9 pb blk cast ash,
0,tre-um9203/wht,9 ft white frame,
0,tre-um9202/5439,9 pb anthracite- navy gr. a,
0,tre-um9202/5404,9 pb anthracite- natural,
0,tre-um9200/56107a,9pb brz cultivate stripe,
0,tre-um9200/56094a,9 pb brz frequency sand,
0,tre-um9200/5432,9 pb brnz baybrown gr. aa,
0,tre-um8102/481003s,9 auto ant cast ocean,
0,tre-um8100-ml/6011,9 ft milan auto tilt brnz dupione sand,
0,tre-um8100dwv/dc4/5404/5408,9 pb cllr dc4/ 5404/5408 dc4 1. top black . 2 5404 sandwich,
0,tre-um8009/5446,9 cllr blk green grade a,
0,tre-9209/5416a,9 pb blk aruba,
0,tre-um9073/5408,7.5 pb wht blk,
0,tre-um8019dwv/dc4/54048-56075,11 cllr blk charcoal/peyton granite stripe grad a,
0,tre-um8019dwv/5403,11 ft cllr blk jockey red,
0,tre-um8019/5436,11ft cllr blk burgandy,
0,tre-um8010dwv/dc4/5403-56095,11 cllr bonze jockey red / astoria sunset grade a,
0,tre-dwv8019/6668,11 ft cllr blk kinzie coal stripe,
,
